Id;Age;Gender;SpeedSpline;SpeedAnimation;Setup;Time;VRExperience;MotionSickness;Nausea A;Nausea B;Vestibular A;Vestibular B;Oculomotor AOculomotor B;;Category Score Nausea;Category Score Vestibular;Category Score Oculomotor;CSQ-VR Score
1-A-B-C-D;28;male;1;7;default;30;True;False;5;7;6;6;3;4;12;12;7;31
1-A-B-C-D;28;male;1;7;companion;60;True;False;4;3;3;2;2;2;7;5;4;16
1-A-B-C-D;28;male;1;7;blur;60;True;False;2;3;3;2;2;2;5;5;4;14
1-A-B-C-D;28;male;1;7;both;60;True;False;4;4;3;2;2;3;8;5;5;18
8-A-B-D-C;24;male;1;7;default;60;True;False;1;2;1;2;1;1;3;3;2;8
8-A-B-D-C;24;male;1;7;companion;60;True;False;2;1;2;3;1;1;3;5;2;10
8-A-B-D-C;24;male;1;7;both;60;True;False;1;1;1;1;1;1;2;2;2;6
8-A-B-D-C;24;male;1;7;blur;60;True;False;1;1;1;1;1;1;2;2;2;6
9-A-C-B-D;42;female;1;7;default;48;False;True;7;7;7;6;1;1;14;13;2;29
9-A-C-B-D;42;female;1;7;blur;36;False;True;7;7;7;7;2;2;14;14;4;32
9-A-C-B-D;42;female;1;7;companion;60;False;True;6;6;6;6;6;6;12;12;12;36
9-A-C-B-D;42;female;1;7;both;60;False;True;5;5;5;6;1;2;10;11;3;24
10-A-C-D-B;24;male;1;7;default;40;True;False;3;4;2;1;2;3;7;3;5;15
10-A-C-D-B;24;male;1;7;blur;34;True;False;5;5;4;3;3;4;10;7;7;24
10-A-C-D-B;24;male;1;7;both;60;True;False;4;4;3;2;2;2;8;5;4;17
10-A-C-D-B;24;male;1;7;companion;35;True;False;5;3;3;1;2;3;8;4;5;17
11-A-D-B-C;34;male;1;7;default;60;True;False;1;2;1;1;1;1;3;2;2;7
11-A-D-B-C;34;male;1;7;both;60;True;False;1;1;1;1;1;1;2;2;2;6
11-A-D-B-C;34;male;1;7;companion;60;True;False;3;1;1;1;1;3;4;2;4;10
11-A-D-B-C;34;male;1;7;blur;60;True;False;1;2;1;1;3;4;3;2;7;12
12-A-D-C-B;21;male;1;7;default;60;False;False;3;5;4;2;1;1;8;6;2;16
12-A-D-C-B;21;male;1;7;both;60;False;False;2;2;2;1;1;1;4;3;2;9
12-A-D-C-B;21;male;1;7;blur;60;False;False;2;2;1;1;1;1;4;2;2;8
12-A-D-C-B;21;male;1;7;companion;60;False;False;2;2;1;1;1;1;4;2;2;8
